CREATE DATABASE  IF NOT EXISTS `siu` /*!40100 DEFAULT CHARACTER SET utf8mb4 COLLATE utf8mb4_0900_ai_ci */ /*!80016 DEFAULT ENCRYPTION='N' */;
USE `siu`;
-- MySQL dump 10.13  Distrib 8.0.34, for Win64 (x86_64)
--
-- Host: 127.0.0.1    Database: siu
-- ------------------------------------------------------
-- Server version	8.1.0

/*!40101 SET @OLD_CHARACTER_SET_CLIENT=@@CHARACTER_SET_CLIENT */;
/*!40101 SET @OLD_CHARACTER_SET_RESULTS=@@CHARACTER_SET_RESULTS */;
/*!40101 SET @OLD_COLLATION_CONNECTION=@@COLLATION_CONNECTION */;
/*!50503 SET NAMES utf8 */;
/*!40103 SET @OLD_TIME_ZONE=@@TIME_ZONE */;
/*!40103 SET TIME_ZONE='+00:00' */;
/*!40014 SET @OLD_UNIQUE_CHECKS=@@UNIQUE_CHECKS, UNIQUE_CHECKS=0 */;
/*!40014 SET @OLD_FOREIGN_KEY_CHECKS=@@FOREIGN_KEY_CHECKS, FOREIGN_KEY_CHECKS=0 */;
/*!40101 SET @OLD_SQL_MODE=@@SQL_MODE, SQL_MODE='NO_AUTO_VALUE_ON_ZERO' */;
/*!40111 SET @OLD_SQL_NOTES=@@SQL_NOTES, SQL_NOTES=0 */;

--
-- Table structure for table `alumnos`
--

DROP TABLE IF EXISTS `alumnos`;
/*!40101 SET @saved_cs_client     = @@character_set_client */;
/*!50503 SET character_set_client = utf8mb4 */;
CREATE TABLE `alumnos` (
  `carnet_alumno` varchar(15) NOT NULL,
  `nombre_alumno` varchar(45) DEFAULT NULL,
  `direccion_alumno` varchar(45) DEFAULT NULL,
  `telefono_alumno` varchar(45) DEFAULT NULL,
  `email_alumno` varchar(20) DEFAULT NULL,
  `estatus_alumno` varchar(1) DEFAULT NULL,
  PRIMARY KEY (`carnet_alumno`)
) ENGINE=InnoDB DEFAULT CHARSET=latin1;
/*!40101 SET character_set_client = @saved_cs_client */;

--
-- Dumping data for table `alumnos`
--

LOCK TABLES `alumnos` WRITE;
/*!40000 ALTER TABLE `alumnos` DISABLE KEYS */;
/*!40000 ALTER TABLE `alumnos` ENABLE KEYS */;
UNLOCK TABLES;

--
-- Table structure for table `asignacioncursosalumnos`
--

DROP TABLE IF EXISTS `asignacioncursosalumnos`;
/*!40101 SET @saved_cs_client     = @@character_set_client */;
/*!50503 SET character_set_client = utf8mb4 */;
CREATE TABLE `asignacioncursosalumnos` (
  `codigo_carrera` varchar(5) NOT NULL,
  `codigo_sede` varchar(5) NOT NULL,
  `codigo_jornada` varchar(5) NOT NULL,
  `codigo_seccion` varchar(5) NOT NULL,
  `codigo_aula` varchar(5) NOT NULL,
  `codigo_curso` varchar(5) NOT NULL,
  `carnet_alumno` varchar(15) NOT NULL,
  `nota_asignacioncursoalumnos` float(10,2) DEFAULT NULL,
  PRIMARY KEY (`codigo_carrera`,`codigo_sede`,`codigo_jornada`,`codigo_seccion`,`codigo_aula`,`codigo_curso`,`carnet_alumno`),
  KEY `codigo_sede` (`codigo_sede`),
  KEY `codigo_jornada` (`codigo_jornada`),
  KEY `codigo_seccion` (`codigo_seccion`),
  KEY `codigo_aula` (`codigo_aula`),
  KEY `codigo_curso` (`codigo_curso`),
  KEY `carnet_alumno` (`carnet_alumno`),
  CONSTRAINT `asignacioncursosalumnos_ibfk_1` FOREIGN KEY (`codigo_carrera`) REFERENCES `carreras` (`codigo_carrera`),
  CONSTRAINT `asignacioncursosalumnos_ibfk_2` FOREIGN KEY (`codigo_sede`) REFERENCES `sedes` (`codigo_sede`),
  CONSTRAINT `asignacioncursosalumnos_ibfk_3` FOREIGN KEY (`codigo_jornada`) REFERENCES `jornadas` (`codigo_jornada`),
  CONSTRAINT `asignacioncursosalumnos_ibfk_4` FOREIGN KEY (`codigo_seccion`) REFERENCES `secciones` (`codigo_seccion`),
  CONSTRAINT `asignacioncursosalumnos_ibfk_5` FOREIGN KEY (`codigo_aula`) REFERENCES `aulas` (`codigo_aula`),
  CONSTRAINT `asignacioncursosalumnos_ibfk_6` FOREIGN KEY (`codigo_curso`) REFERENCES `cursos` (`codigo_curso`),
  CONSTRAINT `asignacioncursosalumnos_ibfk_7` FOREIGN KEY (`carnet_alumno`) REFERENCES `alumnos` (`carnet_alumno`)
) ENGINE=InnoDB DEFAULT CHARSET=latin1;
/*!40101 SET character_set_client = @saved_cs_client */;

--
-- Dumping data for table `asignacioncursosalumnos`
--

LOCK TABLES `asignacioncursosalumnos` WRITE;
/*!40000 ALTER TABLE `asignacioncursosalumnos` DISABLE KEYS */;
/*!40000 ALTER TABLE `asignacioncursosalumnos` ENABLE KEYS */;
UNLOCK TABLES;

--
-- Table structure for table `asignacioncursosmastros`
--

DROP TABLE IF EXISTS `asignacioncursosmastros`;
/*!40101 SET @saved_cs_client     = @@character_set_client */;
/*!50503 SET character_set_client = utf8mb4 */;
CREATE TABLE `asignacioncursosmastros` (
  `codigo_carrera` varchar(5) NOT NULL,
  `codigo_sede` varchar(5) NOT NULL,
  `codigo_jornada` varchar(5) NOT NULL,
  `codigo_seccion` varchar(5) NOT NULL,
  `codigo_aula` varchar(5) NOT NULL,
  `codigo_curso` varchar(5) NOT NULL,
  `codigo_maestro` varchar(5) DEFAULT NULL,
  PRIMARY KEY (`codigo_carrera`,`codigo_sede`,`codigo_jornada`,`codigo_seccion`,`codigo_aula`,`codigo_curso`),
  KEY `codigo_sede` (`codigo_sede`),
  KEY `codigo_jornada` (`codigo_jornada`),
  KEY `codigo_seccion` (`codigo_seccion`),
  KEY `codigo_aula` (`codigo_aula`),
  KEY `codigo_curso` (`codigo_curso`),
  KEY `codigo_maestro` (`codigo_maestro`),
  CONSTRAINT `asignacioncursosmastros_ibfk_1` FOREIGN KEY (`codigo_carrera`) REFERENCES `carreras` (`codigo_carrera`),
  CONSTRAINT `asignacioncursosmastros_ibfk_2` FOREIGN KEY (`codigo_sede`) REFERENCES `sedes` (`codigo_sede`),
  CONSTRAINT `asignacioncursosmastros_ibfk_3` FOREIGN KEY (`codigo_jornada`) REFERENCES `jornadas` (`codigo_jornada`),
  CONSTRAINT `asignacioncursosmastros_ibfk_4` FOREIGN KEY (`codigo_seccion`) REFERENCES `secciones` (`codigo_seccion`),
  CONSTRAINT `asignacioncursosmastros_ibfk_5` FOREIGN KEY (`codigo_aula`) REFERENCES `aulas` (`codigo_aula`),
  CONSTRAINT `asignacioncursosmastros_ibfk_6` FOREIGN KEY (`codigo_curso`) REFERENCES `cursos` (`codigo_curso`),
  CONSTRAINT `asignacioncursosmastros_ibfk_7` FOREIGN KEY (`codigo_maestro`) REFERENCES `maestros` (`codigo_maestro`)
) ENGINE=InnoDB DEFAULT CHARSET=latin1;
/*!40101 SET character_set_client = @saved_cs_client */;

--
-- Dumping data for table `asignacioncursosmastros`
--

LOCK TABLES `asignacioncursosmastros` WRITE;
/*!40000 ALTER TABLE `asignacioncursosmastros` DISABLE KEYS */;
/*!40000 ALTER TABLE `asignacioncursosmastros` ENABLE KEYS */;
UNLOCK TABLES;

--
-- Table structure for table `aulas`
--

DROP TABLE IF EXISTS `aulas`;
/*!40101 SET @saved_cs_client     = @@character_set_client */;
/*!50503 SET character_set_client = utf8mb4 */;
CREATE TABLE `aulas` (
  `codigo_aula` varchar(5) NOT NULL,
  `nombre_aula` varchar(45) DEFAULT NULL,
  `estatus_aula` varchar(1) DEFAULT NULL,
  PRIMARY KEY (`codigo_aula`)
) ENGINE=InnoDB DEFAULT CHARSET=latin1;
/*!40101 SET character_set_client = @saved_cs_client */;

--
-- Dumping data for table `aulas`
--

LOCK TABLES `aulas` WRITE;
/*!40000 ALTER TABLE `aulas` DISABLE KEYS */;
/*!40000 ALTER TABLE `aulas` ENABLE KEYS */;
UNLOCK TABLES;

--
-- Table structure for table `carreras`
--

DROP TABLE IF EXISTS `carreras`;
/*!40101 SET @saved_cs_client     = @@character_set_client */;
/*!50503 SET character_set_client = utf8mb4 */;
CREATE TABLE `carreras` (
  `codigo_carrera` varchar(5) NOT NULL,
  `nombre_carrera` varchar(45) DEFAULT NULL,
  `codigo_facultad` varchar(5) DEFAULT NULL,
  `estatus_carrera` varchar(1) DEFAULT NULL,
  PRIMARY KEY (`codigo_carrera`),
  KEY `codigo_facultad` (`codigo_facultad`),
  CONSTRAINT `carreras_ibfk_1` FOREIGN KEY (`codigo_facultad`) REFERENCES `facultades` (`codigo_facultad`)
) ENGINE=InnoDB DEFAULT CHARSET=latin1;
/*!40101 SET character_set_client = @saved_cs_client */;

--
-- Dumping data for table `carreras`
--

LOCK TABLES `carreras` WRITE;
/*!40000 ALTER TABLE `carreras` DISABLE KEYS */;
/*!40000 ALTER TABLE `carreras` ENABLE KEYS */;
UNLOCK TABLES;

--
-- Table structure for table `cursos`
--

DROP TABLE IF EXISTS `cursos`;
/*!40101 SET @saved_cs_client     = @@character_set_client */;
/*!50503 SET character_set_client = utf8mb4 */;
CREATE TABLE `cursos` (
  `codigo_curso` varchar(5) NOT NULL,
  `nombre_curso` varchar(45) DEFAULT NULL,
  `estatus_curso` varchar(1) DEFAULT NULL,
  PRIMARY KEY (`codigo_curso`)
) ENGINE=InnoDB DEFAULT CHARSET=latin1;
/*!40101 SET character_set_client = @saved_cs_client */;

--
-- Dumping data for table `cursos`
--

LOCK TABLES `cursos` WRITE;
/*!40000 ALTER TABLE `cursos` DISABLE KEYS */;
/*!40000 ALTER TABLE `cursos` ENABLE KEYS */;
UNLOCK TABLES;

--
-- Table structure for table `facultades`
--

DROP TABLE IF EXISTS `facultades`;
/*!40101 SET @saved_cs_client     = @@character_set_client */;
/*!50503 SET character_set_client = utf8mb4 */;
CREATE TABLE `facultades` (
  `codigo_facultad` varchar(5) NOT NULL,
  `nombre_facultad` varchar(45) DEFAULT NULL,
  `estatus_facultad` varchar(1) DEFAULT NULL,
  PRIMARY KEY (`codigo_facultad`)
) ENGINE=InnoDB DEFAULT CHARSET=latin1;
/*!40101 SET character_set_client = @saved_cs_client */;

--
-- Dumping data for table `facultades`
--

LOCK TABLES `facultades` WRITE;
/*!40000 ALTER TABLE `facultades` DISABLE KEYS */;
/*!40000 ALTER TABLE `facultades` ENABLE KEYS */;
UNLOCK TABLES;

--
-- Table structure for table `jornadas`
--

DROP TABLE IF EXISTS `jornadas`;
/*!40101 SET @saved_cs_client     = @@character_set_client */;
/*!50503 SET character_set_client = utf8mb4 */;
CREATE TABLE `jornadas` (
  `codigo_jornada` varchar(5) NOT NULL,
  `nombre_jornada` varchar(45) DEFAULT NULL,
  `estatus_jornada` varchar(1) DEFAULT NULL,
  PRIMARY KEY (`codigo_jornada`)
) ENGINE=InnoDB DEFAULT CHARSET=latin1;
/*!40101 SET character_set_client = @saved_cs_client */;

--
-- Dumping data for table `jornadas`
--

LOCK TABLES `jornadas` WRITE;
/*!40000 ALTER TABLE `jornadas` DISABLE KEYS */;
/*!40000 ALTER TABLE `jornadas` ENABLE KEYS */;
UNLOCK TABLES;

--
-- Table structure for table `maestros`
--

DROP TABLE IF EXISTS `maestros`;
/*!40101 SET @saved_cs_client     = @@character_set_client */;
/*!50503 SET character_set_client = utf8mb4 */;
CREATE TABLE `maestros` (
  `codigo_maestro` varchar(5) NOT NULL,
  `nombre_maestro` varchar(45) DEFAULT NULL,
  `direccion_maestro` varchar(45) DEFAULT NULL,
  `telefono_maetro` varchar(45) DEFAULT NULL,
  `email_maestro` varchar(20) DEFAULT NULL,
  `estatus_maestro` varchar(1) DEFAULT NULL,
  PRIMARY KEY (`codigo_maestro`)
) ENGINE=InnoDB DEFAULT CHARSET=latin1;
/*!40101 SET character_set_client = @saved_cs_client */;

--
-- Dumping data for table `maestros`
--

LOCK TABLES `maestros` WRITE;
/*!40000 ALTER TABLE `maestros` DISABLE KEYS */;
/*!40000 ALTER TABLE `maestros` ENABLE KEYS */;
UNLOCK TABLES;

--
-- Table structure for table `secciones`
--

DROP TABLE IF EXISTS `secciones`;
/*!40101 SET @saved_cs_client     = @@character_set_client */;
/*!50503 SET character_set_client = utf8mb4 */;
CREATE TABLE `secciones` (
  `codigo_seccion` varchar(5) NOT NULL,
  `nombre_seccion` varchar(45) DEFAULT NULL,
  `estatus_seccion` varchar(1) DEFAULT NULL,
  PRIMARY KEY (`codigo_seccion`)
) ENGINE=InnoDB DEFAULT CHARSET=latin1;
/*!40101 SET character_set_client = @saved_cs_client */;

--
-- Dumping data for table `secciones`
--

LOCK TABLES `secciones` WRITE;
/*!40000 ALTER TABLE `secciones` DISABLE KEYS */;
/*!40000 ALTER TABLE `secciones` ENABLE KEYS */;
UNLOCK TABLES;

--
-- Table structure for table `sedes`
--

DROP TABLE IF EXISTS `sedes`;
/*!40101 SET @saved_cs_client     = @@character_set_client */;
/*!50503 SET character_set_client = utf8mb4 */;
CREATE TABLE `sedes` (
  `codigo_sede` varchar(5) NOT NULL,
  `nombre_sede` varchar(45) DEFAULT NULL,
  `estatus_sede` varchar(1) DEFAULT NULL,
  PRIMARY KEY (`codigo_sede`)
) ENGINE=InnoDB DEFAULT CHARSET=latin1;
/*!40101 SET character_set_client = @saved_cs_client */;

--
-- Dumping data for table `sedes`
--

LOCK TABLES `sedes` WRITE;
/*!40000 ALTER TABLE `sedes` DISABLE KEYS */;
/*!40000 ALTER TABLE `sedes` ENABLE KEYS */;
UNLOCK TABLES;

--
-- Table structure for table `tbl_aplicaciones`
--

DROP TABLE IF EXISTS `tbl_aplicaciones`;
/*!40101 SET @saved_cs_client     = @@character_set_client */;
/*!50503 SET character_set_client = utf8mb4 */;
CREATE TABLE `tbl_aplicaciones` (
  `pk_id_aplicacion` int NOT NULL,
  `nombre_aplicacion` varchar(50) NOT NULL,
  `descripcion_aplicacion` varchar(150) NOT NULL,
  `estado_aplicacion` tinyint DEFAULT '0',
  PRIMARY KEY (`pk_id_aplicacion`)
) ENGINE=InnoDB DEFAULT CHARSET=utf8mb4 COLLATE=utf8mb4_0900_ai_ci;
/*!40101 SET character_set_client = @saved_cs_client */;

--
-- Dumping data for table `tbl_aplicaciones`
--

LOCK TABLES `tbl_aplicaciones` WRITE;
/*!40000 ALTER TABLE `tbl_aplicaciones` DISABLE KEYS */;
INSERT INTO `tbl_aplicaciones` VALUES (1,'Menu','Ingreso Login',1),(999,'Cerrar Sesion','Cerrar Sesion',1),(1000,'MDI SEGURIDAD','PARA SEGURIDAD',1),(1001,'Mant. Usuario','PARA SEGURIDAD',1),(1002,'Mant. Aplicación','PARA SEGURIDAD',1),(1003,'Mant. Modulo','PARA SEGURIDAD',1),(1004,'Mant. Perfil','PARA SEGURIDAD',1),(1101,'Asign. Modulo Aplicacion','PARA SEGURIDAD',1),(1102,'Asign. Aplicacion Perfil','PARA SEGURIDAD',1),(1103,'Asign. Perfil Usuario','PARA SEGURIDAD',1),(1201,'Pcs. Cambio Contraseña','PARA SEGURIDAD',1),(1301,'Pcs. BITACORA','PARA SEGURIDAD',1);
/*!40000 ALTER TABLE `tbl_aplicaciones` ENABLE KEYS */;
UNLOCK TABLES;

--
-- Table structure for table `tbl_asignacionesperfilsusuario`
--

DROP TABLE IF EXISTS `tbl_asignacionesperfilsusuario`;
/*!40101 SET @saved_cs_client     = @@character_set_client */;
/*!50503 SET character_set_client = utf8mb4 */;
CREATE TABLE `tbl_asignacionesperfilsusuario` (
  `fk_id_usuario` int NOT NULL,
  `fk_id_perfil` int NOT NULL,
  PRIMARY KEY (`fk_id_usuario`,`fk_id_perfil`),
  KEY `fk_id_perfil` (`fk_id_perfil`),
  CONSTRAINT `tbl_asignacionesperfilsusuario_ibfk_1` FOREIGN KEY (`fk_id_usuario`) REFERENCES `tbl_usuarios` (`pk_id_usuario`),
  CONSTRAINT `tbl_asignacionesperfilsusuario_ibfk_2` FOREIGN KEY (`fk_id_perfil`) REFERENCES `tbl_perfiles` (`pk_id_perfil`)
) ENGINE=InnoDB DEFAULT CHARSET=utf8mb3;
/*!40101 SET character_set_client = @saved_cs_client */;

--
-- Dumping data for table `tbl_asignacionesperfilsusuario`
--

LOCK TABLES `tbl_asignacionesperfilsusuario` WRITE;
/*!40000 ALTER TABLE `tbl_asignacionesperfilsusuario` DISABLE KEYS */;
INSERT INTO `tbl_asignacionesperfilsusuario` VALUES (1,1);
/*!40000 ALTER TABLE `tbl_asignacionesperfilsusuario` ENABLE KEYS */;
UNLOCK TABLES;

--
-- Table structure for table `tbl_asignacionmoduloaplicacion`
--

DROP TABLE IF EXISTS `tbl_asignacionmoduloaplicacion`;
/*!40101 SET @saved_cs_client     = @@character_set_client */;
/*!50503 SET character_set_client = utf8mb4 */;
CREATE TABLE `tbl_asignacionmoduloaplicacion` (
  `fk_id_modulos` int NOT NULL,
  `fk_id_aplicacion` int NOT NULL,
  PRIMARY KEY (`fk_id_modulos`,`fk_id_aplicacion`),
  KEY `fk_id_aplicacion` (`fk_id_aplicacion`),
  CONSTRAINT `tbl_asignacionmoduloaplicacion_ibfk_1` FOREIGN KEY (`fk_id_modulos`) REFERENCES `tbl_modulos` (`pk_id_modulos`),
  CONSTRAINT `tbl_asignacionmoduloaplicacion_ibfk_2` FOREIGN KEY (`fk_id_aplicacion`) REFERENCES `tbl_aplicaciones` (`pk_id_aplicacion`)
) ENGINE=InnoDB DEFAULT CHARSET=utf8mb3;
/*!40101 SET character_set_client = @saved_cs_client */;

--
-- Dumping data for table `tbl_asignacionmoduloaplicacion`
--

LOCK TABLES `tbl_asignacionmoduloaplicacion` WRITE;
/*!40000 ALTER TABLE `tbl_asignacionmoduloaplicacion` DISABLE KEYS */;
INSERT INTO `tbl_asignacionmoduloaplicacion` VALUES (1000,1000),(1000,1001),(1000,1002),(1000,1003),(1000,1004),(1000,1102),(1000,1103),(1000,1201),(1000,1301);
/*!40000 ALTER TABLE `tbl_asignacionmoduloaplicacion` ENABLE KEYS */;
UNLOCK TABLES;

--
-- Table structure for table `tbl_bitacoradeeventos`
--

DROP TABLE IF EXISTS `tbl_bitacoradeeventos`;
/*!40101 SET @saved_cs_client     = @@character_set_client */;
/*!50503 SET character_set_client = utf8mb4 */;
CREATE TABLE `tbl_bitacoradeeventos` (
  `pk_id_bitacora` int NOT NULL AUTO_INCREMENT,
  `fk_id_usuario` int NOT NULL,
  `fk_id_aplicacion` int NOT NULL,
  `fecha_bitacora` date NOT NULL,
  `hora_bitacora` time NOT NULL,
  `host_bitacora` varchar(45) NOT NULL,
  `ip_bitacora` varchar(100) NOT NULL,
  `accion_bitacora` varchar(50) NOT NULL,
  PRIMARY KEY (`pk_id_bitacora`),
  KEY `fk_id_usuario` (`fk_id_usuario`),
  KEY `fk_id_aplicacion` (`fk_id_aplicacion`),
  CONSTRAINT `tbl_bitacoradeeventos_ibfk_1` FOREIGN KEY (`fk_id_usuario`) REFERENCES `tbl_usuarios` (`pk_id_usuario`),
  CONSTRAINT `tbl_bitacoradeeventos_ibfk_2` FOREIGN KEY (`fk_id_aplicacion`) REFERENCES `tbl_aplicaciones` (`pk_id_aplicacion`)
) ENGINE=InnoDB AUTO_INCREMENT=39 DEFAULT CHARSET=utf8mb3;
/*!40101 SET character_set_client = @saved_cs_client */;

--
-- Dumping data for table `tbl_bitacoradeeventos`
--

LOCK TABLES `tbl_bitacoradeeventos` WRITE;
/*!40000 ALTER TABLE `tbl_bitacoradeeventos` DISABLE KEYS */;
INSERT INTO `tbl_bitacoradeeventos` VALUES (1,1,1000,'2024-02-21','19:21:03','LAPTOP-R6RT5UAG','fe80::b0e1:4dc3:fcc8:4576%10','Se ha guardado un registro'),(2,1,1000,'2024-02-21','19:21:53','LAPTOP-R6RT5UAG','fe80::b0e1:4dc3:fcc8:4576%10','Se ha guardado un registro'),(3,1,1,'2024-02-23','08:36:22','LAPTOP-R6RT5UAG','fe80::b0e1:4dc3:fcc8:4576%10','Ingreso Login'),(4,1,1000,'2024-02-23','08:36:23','LAPTOP-R6RT5UAG','fe80::b0e1:4dc3:fcc8:4576%10','Ingreso Prototipo'),(5,1,1,'2024-02-23','08:37:00','LAPTOP-R6RT5UAG','fe80::b0e1:4dc3:fcc8:4576%10','Ingreso Login'),(6,1,1,'2024-02-23','08:37:47','LAPTOP-R6RT5UAG','fe80::b0e1:4dc3:fcc8:4576%10','Ingreso Login'),(7,1,999,'2024-02-23','08:37:54','LAPTOP-R6RT5UAG','fe80::b0e1:4dc3:fcc8:4576%10','Cerro Sesion'),(8,1,1,'2024-02-23','09:12:16','LAPTOP-R6RT5UAG','fe80::b0e1:4dc3:fcc8:4576%10','Ingreso Login'),(9,1,1000,'2024-02-23','09:12:18','LAPTOP-R6RT5UAG','fe80::b0e1:4dc3:fcc8:4576%10','Ingreso Prototipo'),(10,1,1000,'2024-02-23','09:14:25','LAPTOP-R6RT5UAG','fe80::b0e1:4dc3:fcc8:4576%10','Se ha guardado un registro'),(11,1,999,'2024-02-23','09:27:42','LAPTOP-R6RT5UAG','fe80::b0e1:4dc3:fcc8:4576%10','Cerro Sesion'),(12,1,1,'2024-02-23','21:23:24','LAPTOP-R6RT5UAG','fe80::b0e1:4dc3:fcc8:4576%10','Ingreso Login'),(13,1,1000,'2024-02-23','21:23:26','LAPTOP-R6RT5UAG','fe80::b0e1:4dc3:fcc8:4576%10','Ingreso Prototipo'),(14,1,1000,'2024-02-23','21:24:57','LAPTOP-R6RT5UAG','fe80::b0e1:4dc3:fcc8:4576%10','Se ha guardado un registro'),(15,1,1000,'2024-02-23','21:25:57','LAPTOP-R6RT5UAG','fe80::b0e1:4dc3:fcc8:4576%10','Se ha guardado un registro'),(16,1,1,'2024-02-23','21:26:16','LAPTOP-R6RT5UAG','fe80::b0e1:4dc3:fcc8:4576%10','Ingreso Login'),(17,1,1000,'2024-02-23','21:26:17','LAPTOP-R6RT5UAG','fe80::b0e1:4dc3:fcc8:4576%10','Ingreso Prototipo'),(18,1,1,'2024-02-23','21:28:14','LAPTOP-R6RT5UAG','fe80::b0e1:4dc3:fcc8:4576%10','Ingreso Login'),(19,1,1000,'2024-02-23','21:28:18','LAPTOP-R6RT5UAG','fe80::b0e1:4dc3:fcc8:4576%10','Ingreso Prototipo'),(20,1,1000,'2024-02-23','21:29:37','LAPTOP-R6RT5UAG','fe80::b0e1:4dc3:fcc8:4576%10','Se ha guardado un registro'),(21,1,1000,'2024-02-23','21:30:32','LAPTOP-R6RT5UAG','fe80::b0e1:4dc3:fcc8:4576%10','Se ha guardado un registro'),(22,1,999,'2024-02-23','21:54:46','LAPTOP-R6RT5UAG','fe80::b0e1:4dc3:fcc8:4576%10','Cerro Sesion'),(23,1,1,'2024-02-29','09:38:45','LAPTOP-R6RT5UAG','fe80::b0e1:4dc3:fcc8:4576%10','Ingreso Login'),(24,1,999,'2024-02-29','09:38:52','LAPTOP-R6RT5UAG','fe80::b0e1:4dc3:fcc8:4576%10','Cerro Sesion'),(25,1,1,'2024-02-29','09:39:23','LAPTOP-R6RT5UAG','fe80::b0e1:4dc3:fcc8:4576%10','Ingreso Login'),(26,1,999,'2024-02-29','09:39:27','LAPTOP-R6RT5UAG','fe80::b0e1:4dc3:fcc8:4576%10','Cerro Sesion'),(27,1,1,'2024-02-29','09:39:54','LAPTOP-R6RT5UAG','fe80::b0e1:4dc3:fcc8:4576%10','Ingreso Login'),(28,1,1000,'2024-02-29','09:39:55','LAPTOP-R6RT5UAG','fe80::b0e1:4dc3:fcc8:4576%10','Ingreso Prototipo'),(29,1,1000,'2024-02-29','09:39:57','LAPTOP-R6RT5UAG','fe80::b0e1:4dc3:fcc8:4576%10','Ingreso Prototipo'),(30,1,1000,'2024-02-29','09:39:58','LAPTOP-R6RT5UAG','fe80::b0e1:4dc3:fcc8:4576%10','Ingreso Prototipo'),(31,1,1000,'2024-02-29','09:39:58','LAPTOP-R6RT5UAG','fe80::b0e1:4dc3:fcc8:4576%10','Ingreso Prototipo'),(32,1,1000,'2024-02-29','09:39:58','LAPTOP-R6RT5UAG','fe80::b0e1:4dc3:fcc8:4576%10','Ingreso Prototipo'),(33,1,1,'2024-02-29','09:40:46','LAPTOP-R6RT5UAG','fe80::b0e1:4dc3:fcc8:4576%10','Ingreso Login'),(34,1,1000,'2024-02-29','09:40:48','LAPTOP-R6RT5UAG','fe80::b0e1:4dc3:fcc8:4576%10','Ingreso Prototipo'),(35,1,1,'2024-02-29','10:04:56','LAPTOP-R6RT5UAG','fe80::b0e1:4dc3:fcc8:4576%10','Ingreso Login'),(36,1,1000,'2024-02-29','10:04:57','LAPTOP-R6RT5UAG','fe80::b0e1:4dc3:fcc8:4576%10','Ingreso Prototipo'),(37,1,1,'2024-02-29','10:05:55','LAPTOP-R6RT5UAG','fe80::b0e1:4dc3:fcc8:4576%10','Ingreso Login'),(38,1,1000,'2024-02-29','10:05:57','LAPTOP-R6RT5UAG','fe80::b0e1:4dc3:fcc8:4576%10','Ingreso Prototipo');
/*!40000 ALTER TABLE `tbl_bitacoradeeventos` ENABLE KEYS */;
UNLOCK TABLES;

--
-- Table structure for table `tbl_modulos`
--

DROP TABLE IF EXISTS `tbl_modulos`;
/*!40101 SET @saved_cs_client     = @@character_set_client */;
/*!50503 SET character_set_client = utf8mb4 */;
CREATE TABLE `tbl_modulos` (
  `pk_id_modulos` int NOT NULL,
  `nombre_modulo` varchar(50) NOT NULL,
  `descripcion_modulo` varchar(150) NOT NULL,
  `estado_modulo` tinyint DEFAULT '0',
  PRIMARY KEY (`pk_id_modulos`)
) ENGINE=InnoDB DEFAULT CHARSET=utf8mb4 COLLATE=utf8mb4_0900_ai_ci;
/*!40101 SET character_set_client = @saved_cs_client */;

--
-- Dumping data for table `tbl_modulos`
--

LOCK TABLES `tbl_modulos` WRITE;
/*!40000 ALTER TABLE `tbl_modulos` DISABLE KEYS */;
INSERT INTO `tbl_modulos` VALUES (1000,'SEGURIDAD','Seguridad',1);
/*!40000 ALTER TABLE `tbl_modulos` ENABLE KEYS */;
UNLOCK TABLES;

--
-- Table structure for table `tbl_perfiles`
--

DROP TABLE IF EXISTS `tbl_perfiles`;
/*!40101 SET @saved_cs_client     = @@character_set_client */;
/*!50503 SET character_set_client = utf8mb4 */;
CREATE TABLE `tbl_perfiles` (
  `pk_id_perfil` int NOT NULL AUTO_INCREMENT,
  `nombre_perfil` varchar(50) NOT NULL,
  `descripcion_perfil` varchar(150) NOT NULL,
  `estado_perfil` tinyint DEFAULT '0',
  PRIMARY KEY (`pk_id_perfil`)
) ENGINE=InnoDB AUTO_INCREMENT=4 DEFAULT CHARSET=utf8mb4 COLLATE=utf8mb4_0900_ai_ci;
/*!40101 SET character_set_client = @saved_cs_client */;

--
-- Dumping data for table `tbl_perfiles`
--

LOCK TABLES `tbl_perfiles` WRITE;
/*!40000 ALTER TABLE `tbl_perfiles` DISABLE KEYS */;
INSERT INTO `tbl_perfiles` VALUES (1,'ADMINISTRADOR','contiene todos los permisos del programa',1),(2,'SEGURIDAD','contiene todos los permisos de seguridad',1);
/*!40000 ALTER TABLE `tbl_perfiles` ENABLE KEYS */;
UNLOCK TABLES;

--
-- Table structure for table `tbl_permisosaplicacionesusuario`
--

DROP TABLE IF EXISTS `tbl_permisosaplicacionesusuario`;
/*!40101 SET @saved_cs_client     = @@character_set_client */;
/*!50503 SET character_set_client = utf8mb4 */;
CREATE TABLE `tbl_permisosaplicacionesusuario` (
  `fk_id_aplicacion` int NOT NULL,
  `fk_id_usuario` int NOT NULL,
  `guardar_permiso` tinyint(1) DEFAULT '0',
  `modificar_permiso` tinyint(1) DEFAULT '0',
  `eliminar_permiso` tinyint(1) DEFAULT '0',
  `buscar_permiso` tinyint(1) DEFAULT '0',
  `imprimir_permiso` tinyint(1) DEFAULT '0',
  PRIMARY KEY (`fk_id_aplicacion`,`fk_id_usuario`),
  KEY `fk_id_usuario` (`fk_id_usuario`),
  CONSTRAINT `tbl_permisosaplicacionesusuario_ibfk_1` FOREIGN KEY (`fk_id_aplicacion`) REFERENCES `tbl_aplicaciones` (`pk_id_aplicacion`),
  CONSTRAINT `tbl_permisosaplicacionesusuario_ibfk_2` FOREIGN KEY (`fk_id_usuario`) REFERENCES `tbl_usuarios` (`pk_id_usuario`)
) ENGINE=InnoDB DEFAULT CHARSET=utf8mb3;
/*!40101 SET character_set_client = @saved_cs_client */;

--
-- Dumping data for table `tbl_permisosaplicacionesusuario`
--

LOCK TABLES `tbl_permisosaplicacionesusuario` WRITE;
/*!40000 ALTER TABLE `tbl_permisosaplicacionesusuario` DISABLE KEYS */;
/*!40000 ALTER TABLE `tbl_permisosaplicacionesusuario` ENABLE KEYS */;
UNLOCK TABLES;

--
-- Table structure for table `tbl_permisosaplicacionperfil`
--

DROP TABLE IF EXISTS `tbl_permisosaplicacionperfil`;
/*!40101 SET @saved_cs_client     = @@character_set_client */;
/*!50503 SET character_set_client = utf8mb4 */;
CREATE TABLE `tbl_permisosaplicacionperfil` (
  `fk_id_perfil` int NOT NULL,
  `fk_id_aplicacion` int NOT NULL,
  `guardar_permiso` tinyint(1) DEFAULT '0',
  `modificar_permiso` tinyint(1) DEFAULT '0',
  `eliminar_permiso` tinyint(1) DEFAULT '0',
  `buscar_permiso` tinyint(1) DEFAULT '0',
  `imprimir_permiso` tinyint(1) DEFAULT '0',
  PRIMARY KEY (`fk_id_perfil`,`fk_id_aplicacion`),
  KEY `fk_id_aplicacion` (`fk_id_aplicacion`),
  CONSTRAINT `tbl_permisosaplicacionperfil_ibfk_1` FOREIGN KEY (`fk_id_aplicacion`) REFERENCES `tbl_aplicaciones` (`pk_id_aplicacion`),
  CONSTRAINT `tbl_permisosaplicacionperfil_ibfk_2` FOREIGN KEY (`fk_id_perfil`) REFERENCES `tbl_perfiles` (`pk_id_perfil`)
) ENGINE=InnoDB DEFAULT CHARSET=utf8mb3;
/*!40101 SET character_set_client = @saved_cs_client */;

--
-- Dumping data for table `tbl_permisosaplicacionperfil`
--

LOCK TABLES `tbl_permisosaplicacionperfil` WRITE;
/*!40000 ALTER TABLE `tbl_permisosaplicacionperfil` DISABLE KEYS */;
INSERT INTO `tbl_permisosaplicacionperfil` VALUES (1,1000,1,1,1,1,1),(1,1001,1,1,1,1,1),(1,1002,1,1,1,1,1),(1,1003,1,1,1,1,1),(1,1004,1,1,1,1,1),(1,1101,1,1,1,1,1),(1,1102,1,1,1,1,1),(1,1103,1,1,1,1,1),(1,1201,1,1,1,1,1),(1,1301,1,1,1,1,1);
/*!40000 ALTER TABLE `tbl_permisosaplicacionperfil` ENABLE KEYS */;
UNLOCK TABLES;

--
-- Table structure for table `tbl_usuarios`
--

DROP TABLE IF EXISTS `tbl_usuarios`;
/*!40101 SET @saved_cs_client     = @@character_set_client */;
/*!50503 SET character_set_client = utf8mb4 */;
CREATE TABLE `tbl_usuarios` (
  `pk_id_usuario` int NOT NULL AUTO_INCREMENT,
  `nombre_usuario` varchar(50) NOT NULL,
  `apellido_usuario` varchar(50) NOT NULL,
  `username_usuario` varchar(20) NOT NULL,
  `password_usuario` varchar(100) NOT NULL,
  `email_usuario` varchar(50) NOT NULL,
  `estado_usuario` tinyint NOT NULL DEFAULT '0',
  `pregunta` varchar(50) NOT NULL,
  `respuesta` varchar(50) NOT NULL,
  PRIMARY KEY (`pk_id_usuario`)
) ENGINE=InnoDB AUTO_INCREMENT=2 DEFAULT CHARSET=utf8mb4 COLLATE=utf8mb4_0900_ai_ci;
/*!40101 SET character_set_client = @saved_cs_client */;

--
-- Dumping data for table `tbl_usuarios`
--

LOCK TABLES `tbl_usuarios` WRITE;
/*!40000 ALTER TABLE `tbl_usuarios` DISABLE KEYS */;
INSERT INTO `tbl_usuarios` VALUES (1,'admin','admin','admin','HO0aGo4nM94=','esduardo@gmail.com',1,'COLOR FAVORITO','X9yc1/l1b2A=');
/*!40000 ALTER TABLE `tbl_usuarios` ENABLE KEYS */;
UNLOCK TABLES;
/*!40103 SET TIME_ZONE=@OLD_TIME_ZONE */;

/*!40101 SET SQL_MODE=@OLD_SQL_MODE */;
/*!40014 SET FOREIGN_KEY_CHECKS=@OLD_FOREIGN_KEY_CHECKS */;
/*!40014 SET UNIQUE_CHECKS=@OLD_UNIQUE_CHECKS */;
/*!40101 SET CHARACTER_SET_CLIENT=@OLD_CHARACTER_SET_CLIENT */;
/*!40101 SET CHARACTER_SET_RESULTS=@OLD_CHARACTER_SET_RESULTS */;
/*!40101 SET COLLATION_CONNECTION=@OLD_COLLATION_CONNECTION */;
/*!40111 SET SQL_NOTES=@OLD_SQL_NOTES */;

-- Dump completed on 2024-02-29 10:09:05
